0.000000,0.000000,0.000000,0.000140,-0.000286,-0.000456,-0.098915,-0.034843,-0.994486,-0.108625,0.000431,-0.015876,-0.073661,0.271218,0.567717,-0.036816,-0.013279,-0.000824,-0.059807,0.266472,0.494373,0.000024,-0.000007,-0.000010,0.000000,-0.000012,0.000005,-0.000005,-0.000007,-0.000000,-0.000034,-0.000000,-0.000007,0.000000,0.000000,0.000000,0.000000,0.000000,0.000000,0.000000,0.000000,0.000000,0.000000,0.000000,0.000000
0.000000,0.000000,0.000000,0.003583,0.020977,0.017878,-0.098812,-0.034914,-0.994493,-0.088683,-0.002684,-0.008062,-0.073661,0.260480,0.547583,-0.032645,-0.017833,-0.003125,-0.026874,0.268054,0.462975,0.094642,-0.032875,0.039248,-0.000117,-0.015798,-0.027008,0.019153,-0.022564,0.003998,0.160706,0.008351,-0.057263,0.612063,-0.244132,0.305873,0.037244,-0.553960,-1.119181,0.133391,-0.213589,0.082233,1.410119,0.033653,-1.586726
0.000000,0.000000,0.000000,0.037039,0.228216,-0.007219,-0.089009,-0.039338,-0.995254,-0.053306,-0.020325,0.020124,-0.075339,0.275101,0.489819,-0.025550,-0.025454,-0.015205,0.020200,0.221268,0.449792,0.046532,-0.065971,0.089453,-0.002807,0.074710,-0.203847,0.016665,-0.009115,-0.058864,0.108515,-0.170013,-0.069408,0.837377,-0.191670,0.402093,-0.072088,0.064461,-1.308435,0.364137,-0.012591,-0.049062,1.825042,-0.263893,-2.600632
0.000000,0.000000,0.000000,0.007505,0.096164,0.011467,-0.074945,-0.033650,-0.996620,-0.047889,-0.040603,0.055454,-0.076777,0.345280,0.343660,-0.019223,-0.017689,-0.037687,0.056104,0.213885,0.421078,0.014983,-0.038136,0.081831,-0.000007,0.222708,-0.401709,0.011816,0.038803,-0.052958,0.104272,-0.040516,-0.109253,0.556741,-0.055140,0.146542,0.145034,0.213774,-1.365557,0.507918,0.171872,0.051352,1.527376,-0.032361,-2.864214
0.000000,0.000000,0.000000,-0.010984,0.146780,-0.192375,-0.065149,-0.033359,-0.997318,-0.034083,-0.056613,0.082347,-0.083488,0.396189,0.151433,-0.018935,0.005513,-0.051014,0.132899,0.172084,0.383927,0.036041,-0.032103,0.050025,-0.022940,0.047098,-0.443625,0.002442,0.077066,-0.010292,0.220596,-0.095888,-0.083403,0.392983,-0.009467,0.025161,0.234608,-0.144718,-1.182937,0.429211,0.258974,0.316344,1.579241,0.018089,-2.851622
0.000000,0.000000,0.000000,0.091176,0.303523,-0.304063,-0.042717,-0.037775,-0.998373,-0.028475,-0.065290,0.093660,-0.094226,0.316758,0.042232,-0.021428,0.037583,-0.050487,0.205667,0.135796,0.329231,-0.008557,-0.004163,-0.004741,-0.029378,-0.267172,-0.187050,-0.010666,0.081634,0.007181,0.160347,-0.085965,-0.139506,0.178313,0.127252,-0.302086,0.236075,-0.834110,-0.532218,0.355517,0.204856,0.494497,1.305997,0.030791,-2.759562
0.000000,0.000000,0.000000,-0.075788,0.231278,-0.177665,-0.020384,-0.041072,-0.998948,-0.032885,-0.061120,0.084120,-0.096623,0.188431,0.015244,-0.020038,0.064331,-0.052356,0.266787,0.083497,0.248649,-0.014141,0.016203,-0.037070,0.004631,-0.384981,-0.002028,0.014753,0.055763,-0.017847,0.131002,-0.138840,-0.224515,0.049786,0.155423,-0.626530,0.236090,-1.456581,0.062009,0.437121,0.137275,0.322206,0.682820,-0.318009,-2.596276
0.000000,0.000000,0.000000,-0.173876,0.195344,0.198895,-0.003304,-0.030127,-0.999541,-0.034658,-0.057380,0.069931,-0.081714,0.017440,0.106132,-0.018791,0.080103,-0.070380,0.303603,0.064850,0.133313,0.001158,0.006572,-0.034977,0.054871,-0.445363,0.283501,-0.006038,0.033858,-0.058200,0.069178,-0.039193,-0.302048,0.079431,0.127170,-0.505188,0.286153,-1.483093,0.286234,0.159971,0.144744,0.047981,0.392182,-0.750705,-2.428322
0.000000,0.000000,0.000000,0.005114,0.082631,0.222490,0.006860,-0.025892,-0.999641,-0.036911,-0.052107,0.059433,-0.032195,-0.175218,0.181873,-0.027564,0.098654,-0.097992,0.331166,0.050469,0.004554,-0.003233,0.010942,-0.015045,0.152808,-0.401745,0.091080,-0.036655,0.058279,-0.082945,0.058879,-0.054890,-0.295612,0.362589,0.089980,-0.088042,0.172263,-0.771544,-0.109685,0.008823,0.358644,-0.301860,0.122077,-1.238114,-2.182401
0.000000,0.000000,0.000000,-0.069305,0.132308,0.199337,0.018043,-0.019001,-0.999657,-0.037583,-0.044821,0.050229,0.027534,-0.154462,0.135613,-0.039117,0.129765,-0.130541,0.344780,0.013365,-0.088731,0.002752,0.016032,-0.009659,0.144276,0.190537,-0.228666,-0.016397,0.093621,-0.076759,0.010374,-0.124245,-0.189164,0.410956,-0.026974,0.065446,0.080854,0.244911,-0.531533,0.214696,0.357943,-0.188453,-0.057045,-1.464177,-1.567374
0.000000,0.000000,0.000000,-0.088480,0.110761,0.053463,0.024424,-0.012415,-0.999625,-0.031399,-0.040555,0.042942,0.080744,-0.010651,-0.009539,-0.036624,0.175593,-0.158441,0.349670,-0.055472,-0.127129,0.024323,0.011464,-0.022535,0.130640,0.402677,-0.346656,0.015707,0.123008,-0.059897,0.018801,-0.165950,-0.032221,0.449615,0.005922,-0.008054,0.067179,0.506490,-0.662481,0.230352,0.338038,-0.246965,-0.227917,-1.545379,-1.176577
0.000000,0.000000,0.000000,-0.136218,0.085198,0.045376,0.032203,-0.005127,-0.999468,-0.019367,-0.033460,0.024678,0.129735,0.080477,-0.110351,-0.024688,0.226742,-0.171671,0.381069,-0.124885,-0.096161,0.025263,0.000712,-0.065046,0.120243,0.118747,-0.175595,0.039419,0.124809,-0.016243,0.068504,-0.206666,0.083413,0.158916,-0.024633,-0.275880,0.124601,0.074716,-0.227717,0.390212,0.203899,-0.192234,-0.308153,-1.519552,-0.723262
0.000000,0.000000,0.000000,-0.134561,0.127604,0.012105,0.040958,0.004781,-0.999149,-0.019654,-0.029050,-0.011130,0.175227,0.041984,-0.080726,-0.018456,0.272473,-0.172678,0.397511,-0.205419,-0.029961,-0.030452,0.011251,-0.111501,0.113821,-0.151763,0.184257,-0.000990,0.097271,0.006371,0.037177,-0.172398,0.185080,-0.340966,0.044913,-0.472014,0.143500,-0.538540,0.353364,0.500393,0.047711,-0.089010,-0.333672,-1.181604,-0.384410
0.000000,0.000000,0.000000,-0.028028,0.086035,0.064989,0.049861,0.011474,-0.998690,-0.054840,-0.034994,-0.062327,0.218994,-0.023402,0.053546,-0.018504,0.294189,-0.165871,0.400962,-0.231592,0.036480,-0.145038,-0.002088,-0.134760,0.106655,-0.215414,0.348151,0.000856,0.025915,0.023707,-0.007231,0.019316,0.153058,-0.762449,0.062445,-0.478828,0.205942,-0.947769,0.627807,0.435024,-0.191009,-0.022718,-0.547193,-0.669662,-0.271495
0.000000,0.000000,0.000000,0.098208,-0.027984,0.247815,0.048990,0.009282,-0.998756,-0.119315,-0.036959,-0.111558,0.265541,-0.147751,0.211833,-0.020900,0.282300,-0.151825,0.387013,-0.164337,0.070132,-0.162473,-0.003439,-0.103445,0.114349,-0.303225,0.430742,-0.016464,-0.074681,0.039076,-0.059969,0.237024,0.061043,-0.836480,0.087535,-0.185691,0.365202,-1.310475,0.493471,0.294732,-0.431700,-0.017379,-0.783100,-0.106208,-0.357585
0.000000,0.000000,0.000000,0.123129,0.006914,0.352602,0.048464,-0.002090,-0.998823,-0.143859,-0.039212,-0.138786,0.311656,-0.167453,0.417339,-0.029625,0.228276,-0.137540,0.347609,-0.036249,0.090217,-0.021725,-0.016699,-0.017058,0.113253,-0.054912,0.423089,-0.019045,-0.158568,0.031636,-0.120837,0.340630,0.084673,-0.172213,-0.084424,0.371111,0.182463,-1.001463,0.255917,0.260824,-0.405535,-0.260709,-0.867246,0.206014,-0.311939
0.000000,0.000000,0.000000,0.042819,0.072105,0.102360,0.051117,-0.007763,-0.998663,-0.137914,-0.015052,-0.141806,0.349238,-0.070428,0.517575,-0.035857,0.155316,-0.119084,0.290420,0.012215,0.192946,0.060993,0.037479,0.000412,0.085886,0.267579,0.058366,-0.020812,-0.193732,0.064140,-0.135266,-0.036073,0.327275,0.394661,-0.062427,0.398450,-0.064570,-0.429060,-0.256742,0.046820,-0.324646,-0.383890,-0.659400,-0.022356,-0.321873
0.000000,0.000000,0.000000,0.194285,-0.220151,-0.125681,0.040568,-0.015627,-0.999055,-0.090888,-0.003212,-0.138786,0.369276,0.054447,0.372134,-0.041274,0.090073,-0.073928,0.241093,0.047161,0.216819,0.160517,0.030327,0.013039,0.025730,0.411210,-0.335081,-0.009475,-0.136225,0.119706,-0.103568,0.184677,0.049569,0.646030,-0.022250,0.188462,-0.200786,-0.316120,-0.880456,0.011132,-0.231457,-0.246491,-0.161180,-0.127673,-0.742598
0.000000,0.000000,0.000000,-0.129932,-0.092091,0.089978,0.024112,-0.020215,-0.999505,-0.042376,-0.002972,-0.131788,0.345308,0.128989,0.386659,-0.040938,0.042184,-0.027093,0.196368,0.078607,0.224249,0.067524,-0.006625,0.013564,-0.114876,0.019697,0.008224,0.020723,-0.101614,0.111523,-0.102324,0.130479,0.052493,0.310479,-0.120583,0.103920,-0.018516,-0.399892,-0.999122,0.372254,-0.025055,0.016297,0.107035,-0.376629,-1.189594
0.000000,0.000000,0.000000,-0.198434,-0.122226,0.170622,0.020704,-0.003054,-0.999781,-0.039931,-0.011745,-0.122440,0.296076,0.127887,0.380955,-0.016682,0.015244,0.011640,0.158210,0.115183,0.241554,-0.030344,-0.017502,0.025244,-0.127495,0.001927,-0.005570,0.080225,-0.051532,0.082538,-0.070220,0.039160,0.023427,-0.284483,-0.026271,0.133854,0.004569,-0.720181,-1.231351,0.364333,0.097749,-0.219491,0.201341,-0.608111,-1.502323
0.000000,0.000000,0.000000,-0.080309,-0.070561,0.040016,0.012313,0.006931,-0.999900,-0.062893,-0.019990,-0.103984,0.246078,0.119498,0.385317,-0.007095,0.011409,0.031198,0.132084,0.129516,0.242848,-0.067296,-0.028477,0.058267,-0.122292,-0.006711,0.018858,-0.011212,0.015131,0.028177,-0.065777,0.013271,0.014381,-0.180728,-0.064420,0.287808,0.009600,-0.800521,-1.381519,0.285828,0.174107,-0.330031,0.420724,-0.825685,-1.766408
0.000000,0.000000,0.000000,0.026065,-0.042823,-0.021073,0.009995,0.007813,-0.999920,-0.079719,-0.031159,-0.071771,0.195697,0.124435,0.383639,-0.008437,0.017497,0.032732,0.123168,0.131290,0.255120,-0.034865,-0.036681,0.090761,-0.120703,0.009980,-0.010594,0.007471,0.027336,-0.009734,0.015433,0.001568,0.031945,0.081514,-0.127337,0.278816,-0.026642,-0.585772,-1.369635,0.384586,0.152381,-0.308007,0.522178,-1.032426,-1.958123
0.000000,0.000000,0.000000,0.075691,-0.083527,-0.004631,0.004021,0.004859,-0.999980,-0.076459,-0.042951,-0.030449,0.146609,0.136851,0.366286,-0.008533,0.031015,0.024007,0.143110,0.128606,0.262119,0.039783,-0.036784,0.108884,-0.122028,0.050209,-0.073540,-0.004916,0.038000,-0.031542,0.054964,-0.019587,0.019005,0.330280,-0.103313,0.205627,-0.067651,-0.225812,-1.356224,0.474117,0.145594,-0.212346,0.690563,-1.041045,-2.107695
0.000000,0.000000,0.000000,0.169829,-0.052968,0.010256,-0.000166,-0.006478,-0.999979,-0.045396,-0.052970,0.011064,0.089468,0.184308,0.309816,-0.010882,0.045971,0.008044,0.170626,0.113218,0.255743,0.116595,-0.017768,0.091742,-0.159922,0.153626,-0.178515,-0.003068,0.042546,-0.030675,0.078593,-0.047165,-0.034311,0.492995,-0.043888,0.074985,-0.127552,0.089004,-1.372509,0.541589,0.251221,0.011381,0.956757,-0.766871,-2.253362
0.000000,0.000000,0.000000,0.038608,0.041847,-0.164455,0.000320,-0.013690,-0.999906,-0.021092,-0.057524,0.039107,0.021781,0.256885,0.191891,-0.009731,0.065769,0.001860,0.201209,0.089729,0.249512,0.015122,-0.010580,0.041847,-0.181089,0.166892,-0.355958,0.013485,0.058814,0.000676,0.076735,-0.056844,-0.006100,0.398361,0.019005,-0.149905,-0.136576,0.119400,-1.362385,0.880069,0.360289,0.283288,1.103170,-0.299268,-2.116307
0.000000,0.000000,0.000000,0.064392,0.101959,-0.196566,0.006238,-0.016982,-0.999836,-0.018791,-0.056182,0.049078,-0.044036,0.311006,0.023729,-0.012991,0.086238,0.004833,0.224123,0.085654,0.209388,0.002495,0.025632,-0.003569,-0.154980,0.107333,-0.427722,-0.015944,0.040650,0.012648,0.050945,0.010278,-0.139832,0.112812,0.091474,-0.308780,0.121827,-0.176996,-0.905669,0.805878,0.229813,0.328748,1.050963,0.059642,-1.890870
0.000000,0.000000,0.000000,-0.040040,-0.121949,-0.074888,0.005439,-0.018885,-0.999807,-0.015675,-0.052539,0.048982,-0.093027,0.287085,-0.079096,-0.012751,0.092183,0.004545,0.239367,0.077361,0.181921,-0.002150,0.025435,0.002330,-0.105190,-0.122639,-0.100222,0.013887,-0.001625,-0.011280,0.025083,-0.034474,-0.072660,0.004032,0.184254,-0.338773,0.358231,-0.943105,-0.153565,0.775138,0.077762,0.203546,0.693445,-0.035726,-1.772879
0.000000,0.000000,0.000000,-0.125882,-0.047324,0.030650,-0.003551,-0.010132,-0.999942,-0.013566,-0.037966,0.050229,-0.117331,0.189246,-0.023729,-0.007574,0.086574,0.000087,0.253892,0.066863,0.153350,0.002819,0.045684,0.004161,-0.031708,-0.327567,0.218427,0.001776,-0.018079,-0.012222,0.038203,-0.036859,-0.068909,-0.020068,0.259139,-0.180154,0.434009,-1.354967,0.405519,0.647041,0.071692,0.220813,0.647652,-0.361904,-1.614763
0.000000,0.000000,0.000000,-0.049074,-0.020032,0.019128,-0.004322,-0.004950,-0.999978,-0.016442,-0.014860,0.051475,-0.110716,-0.008206,0.113706,-0.009108,0.079000,-0.008782,0.270478,0.042607,0.129334,0.002428,0.062155,0.005122,0.034050,-0.508258,0.348106,-0.000654,-0.013818,-0.032257,0.039383,-0.091663,-0.036149,0.184087,0.156567,-0.106399,0.278756,-1.162158,0.325645,0.519766,0.156105,0.026343,0.574703,-0.887364,-1.490387
0.000000,0.000000,0.000000,-0.116685,0.032962,0.045983,-0.005253,0.002454,-0.999983,-0.021620,0.011601,0.052626,-0.090103,-0.140991,0.194240,-0.003979,0.078760,-0.023738,0.288263,0.009243,0.132737,-0.011975,0.046837,0.001927,0.059351,-0.129490,0.106516,0.012423,0.009094,-0.043270,0.043433,-0.096353,0.022921,0.316074,-0.042577,-0.046591,0.173734,-0.229911,-0.208447,0.537528,0.225739,-0.005770,0.496597,-1.171637,-1.254442
0.000000,0.000000,0.000000,-0.031116,0.050717,0.114691,-0.000002,0.008849,-0.999961,-0.023873,0.017641,0.052194,-0.065560,-0.015828,0.102393,-0.004410,0.089019,-0.040132,0.311704,-0.009549,0.136428,-0.006018,0.012279,-0.002397,0.068591,0.412758,-0.341385,-0.002780,0.032846,-0.043421,0.061721,-0.060765,0.002248,0.343223,-0.105312,-0.033419,0.138036,0.575915,-0.674336,0.371412,0.325416,-0.060417,0.475626,-0.882220,-1.154730
0.000000,0.000000,0.000000,0.107859,0.024527,-0.038316,0.003978,0.005300,-0.999978,-0.028858,0.023154,0.047832,-0.037756,0.154348,-0.021236,-0.006424,0.102968,-0.052308,0.334282,-0.034524,0.133840,-0.008466,-0.003892,-0.019990,0.072078,0.376051,-0.223525,-0.005872,0.035643,-0.028997,0.046254,-0.072152,-0.018751,0.364404,-0.070558,-0.130094,0.227935,0.395787,-0.647836,0.444433,0.381615,-0.023348,0.507748,-0.493459,-1.101668
0.000000,0.000000,0.000000,0.125167,-0.018980,-0.125519,0.003740,-0.004849,-0.999981,-0.030967,0.024640,0.031533,-0.005015,0.198881,-0.061647,-0.006280,0.112460,-0.060601,0.353601,-0.047467,0.121616,-0.007078,0.007763,-0.054988,0.087487,0.033889,-0.010671,-0.002646,0.015560,-0.001615,0.048179,-0.005848,-0.047606,0.280955,0.024708,-0.340563,0.304808,-0.285603,-0.167580,0.612802,0.221137,0.120380,0.515643,-0.137693,-1.075108
0.000000,0.000000,0.000000,0.052319,-0.009545,-0.144638,0.003770,-0.013076,-0.999907,-0.036049,0.021620,0.005264,0.033909,0.196436,-0.010115,-0.008485,0.114138,-0.060026,0.361942,-0.049576,0.105269,-0.020045,-0.000745,-0.067045,0.101794,-0.057057,0.135192,-0.004425,-0.004904,0.003706,-0.000115,0.015134,-0.037079,0.149304,0.092120,-0.371181,0.311687,-0.883240,0.194556,0.619126,0.087707,0.174121,0.407108,0.013259,-1.093455
0.000000,0.000000,0.000000,-0.024775,-0.051532,-0.014897,0.000649,-0.013159,-0.999913,-0.045540,0.022387,-0.024073,0.080792,0.116813,0.083554,-0.008437,0.109967,-0.057677,0.356333,-0.041666,0.081109,-0.021581,0.002294,-0.067936,0.110128,-0.230845,0.284249,0.003979,-0.012557,0.007773,-0.025807,0.010261,-0.056676,0.208465,0.081082,-0.336014,0.223561,-1.195887,0.119704,0.453486,0.038906,0.143620,0.316402,-0.019109,-1.145597
0.000000,0.000000,0.000000,-0.068710,-0.034414,-0.031953,-0.002218,-0.009038,-0.999957,-0.050286,0.025694,-0.047994,0.131078,0.012071,0.189063,-0.008149,0.107714,-0.053986,0.343726,-0.044159,0.079048,-0.003449,-0.000336,-0.050921,0.136527,-0.229390,0.217861,0.001340,0.000671,0.009336,-0.028379,-0.012485,0.001021,0.361047,-0.005699,-0.101673,0.079309,-0.970743,-0.258741,0.306035,0.112857,0.034940,0.265558,-0.162041,-1.102055
0.000000,0.000000,0.000000,-0.096054,0.001215,-0.026937,-0.002602,-0.000373,-0.999997,-0.046451,0.020996,-0.063430,0.181939,-0.000249,0.208382,-0.007574,0.113467,-0.048953,0.331262,-0.046748,0.090984,0.014242,-0.023012,-0.029443,0.127481,0.060796,-0.007481,-0.002447,0.021231,0.002680,-0.035854,-0.010606,0.029829,0.419000,-0.172405,-0.004026,0.009725,-0.325525,-0.743732,0.145183,0.175899,-0.108751,0.134318,-0.342276,-1.017424
0.000000,0.000000,0.000000,0.003937,-0.065767,-0.008114,-0.005939,0.002197,-0.999980,-0.041801,0.009012,-0.073448,0.228390,0.057563,0.190549,-0.008725,0.124013,-0.048377,0.314676,-0.045549,0.095059,0.007308,-0.034376,-0.010587,0.111228,0.148175,-0.016723,-0.009180,0.030303,-0.000563,-0.063178,0.004425,0.001690,0.306991,-0.140491,0.030281,0.148435,-0.008938,-0.935603,0.006217,0.158245,-0.229017,-0.028695,-0.338753,-1.039268
0.000000,0.000000,0.000000,0.075242,-0.066408,-0.108947,-0.011484,-0.001161,-0.999933,-0.043335,-0.007622,-0.074120,0.271820,0.092174,0.202965,-0.011169,0.132785,-0.048329,0.274553,-0.045693,0.093381,-0.016807,-0.047944,0.010309,0.106195,0.057419,0.032683,-0.004971,0.015136,0.001019,-0.122383,-0.004647,-0.007473,0.023260,-0.134728,0.131018,0.299722,-0.103802,-0.847969,0.009593,0.076304,-0.224845,-0.219243,-0.243797,-1.066705
0.000000,0.000000,0.000000,0.118232,-0.045338,-0.175941,-0.015479,-0.009513,-0.999835,-0.055559,-0.034323,-0.064868,0.312711,0.108280,0.215716,-0.012080,0.135853,-0.048234,0.229971,-0.033996,0.091320,-0.045284,-0.071795,0.040996,0.100785,0.030418,0.024297,0.000127,-0.011181,0.001632,-0.072979,0.058586,-0.000702,-0.252129,-0.221719,0.290825,0.427130,-0.156678,-0.656040,0.012394,-0.113851,-0.334512,-0.425887,-0.268992,-0.981647
0.000000,0.000000,0.000000,0.036047,-0.128491,-0.169640,-0.024123,-0.015210,-0.999593,-0.084513,-0.065098,-0.049816,0.325078,0.111109,0.241842,-0.010594,0.122239,-0.044399,0.202839,-0.010124,0.092998,-0.102273,-0.091207,0.033978,-0.018015,-0.012063,0.100735,0.005695,-0.052290,0.015419,-0.080654,0.042954,0.011037,-0.397457,-0.262120,0.359765,0.392301,-0.110667,-0.387719,0.142617,-0.271455,-0.421318,-0.440318,-0.311788,-0.783440
0.000000,0.000000,0.000000,0.058449,-0.083296,-0.377926,-0.030777,-0.020025,-0.999326,-0.126122,-0.100572,-0.037448,0.301062,0.070219,0.291456,-0.010306,0.095490,-0.034188,0.192245,0.013222,0.111022,-0.105018,-0.089661,0.032585,-0.075287,-0.120741,0.101645,-0.002418,-0.079348,0.026488,-0.004698,0.047994,0.030764,-0.312628,-0.188363,0.448227,0.197649,-0.059065,-0.202400,0.221239,-0.268066,-0.402079,-0.230171,-0.231653,-0.757015
0.000000,0.000000,0.000000,0.172084,-0.093946,-0.385845,-0.036862,-0.034836,-0.998713,-0.143763,-0.132210,-0.019807,0.258110,0.036471,0.326402,-0.013902,0.057572,-0.027429,0.190855,-0.005953,0.152919,0.005448,-0.067936,0.046741,-0.126776,-0.046722,0.078607,-0.010529,-0.098172,0.011208,0.010987,-0.114385,0.116463,0.327794,-0.048809,0.220594,-0.222101,0.054113,-0.420189,0.210531,-0.239405,-0.237479,0.171960,-0.309675,-0.799525
0.000000,0.000000,0.000000,0.083923,-0.126881,-0.173183,-0.045907,-0.045064,-0.997929,-0.107618,-0.154644,0.000998,0.197087,0.076211,0.339010,-0.018887,0.031063,-0.018896,0.213913,0.001573,0.182688,0.179056,-0.011881,0.034999,-0.179866,0.169328,0.007600,-0.011769,-0.037544,0.040226,0.124737,0.068442,0.023305,1.133985,0.234032,-0.075602,-0.665190,0.426400,-0.856028,0.194842,-0.070610,0.143815,0.908930,-0.118503,-1.257956
0.000000,0.000000,0.000000,-0.011872,-0.132376,-0.105549,-0.057527,-0.049531,-0.997114,-0.039884,-0.150857,0.010633,0.109698,0.151328,0.305358,-0.022147,0.042328,0.001477,0.238456,0.000326,0.195487,0.093101,0.044119,0.008504,-0.237887,0.174591,-0.133126,0.002205,0.066445,0.069731,-0.019072,-0.005676,0.085330,1.038345,0.351943,-0.327877,-0.740922,0.576756,-1.176593,0.339196,0.145628,0.539943,1.405447,0.555835,-1.823509
0.000000,0.000000,0.000000,-0.042007,0.004393,0.161747,-0.057996,-0.045669,-0.997272,-0.044485,-0.112124,0.010633,0.017180,0.306643,0.161212,-0.001103,0.079192,0.032780,0.218850,0.021754,0.159246,-0.015486,0.113548,-0.015246,-0.228391,0.481380,-0.419776,0.066330,0.117038,0.095222,-0.024752,0.073077,-0.184210,0.477918,0.311994,-0.455322,-0.430751,0.424040,-1.147215,0.763844,0.294060,0.726029,1.511998,1.198010,-1.657491
0.000000,0.000000,0.000000,-0.003719,-0.126251,0.183632,-0.062131,-0.041609,-0.997200,-0.045971,-0.068742,0.014851,-0.033346,0.361387,-0.040794,-0.004410,0.126218,0.059960,0.209694,0.075108,0.090361,-0.000860,0.116832,0.029297,-0.076311,-0.054739,-0.483175,-0.009233,0.125168,0.045444,-0.038697,0.119001,-0.149563,0.243729,0.243349,-0.379586,-0.039040,-0.017018,-0.830765,0.782119,0.417939,0.513495,1.294294,1.323303,-1.418326
0.000000,0.000000,0.000000,-0.161073,-0.004493,0.458681,-0.067002,-0.034231,-0.997165,-0.027372,-0.017689,0.031054,-0.052665,0.303144,-0.087389,-0.000575,0.171758,0.068780,0.196607,0.162976,-0.010834,0.047915,0.133121,0.040377,-0.027434,-0.131316,0.059365,0.006320,0.098760,0.018947,-0.026317,0.218465,-0.285071,0.172671,0.304127,-0.332447,0.162047,-0.617291,-0.195546,0.806894,0.345782,0.571777,1.155378,1.058409,-1.221141
0.000000,0.000000,0.000000,-0.020631,-0.000933,0.343206,-0.067591,-0.026818,-0.997353,-0.012464,0.044390,0.044716,-0.051274,0.248736,-0.073152,-0.002205,0.211689,0.072615,0.195553,0.218583,-0.121808,0.038187,0.158894,0.032504,0.016090,-0.212291,0.021418,-0.008025,0.105233,-0.006448,0.016318,0.080802,-0.216452,0.080203,0.247287,-0.094189,0.179025,-0.724719,0.041213,0.742350,0.432230,0.112170,0.953279,0.461886,-0.754399
0.000000,0.000000,0.000000,-0.146963,0.000778,0.228971,-0.069234,-0.016058,-0.997471,-0.019846,0.112748,0.053393,-0.038811,0.137666,-0.035329,0.002541,0.253155,0.067294,0.207585,0.176351,-0.134080,-0.044004,0.161890,0.015987,0.042328,-0.216452,0.109241,0.011725,0.085584,-0.019012,0.014813,-0.197610,0.051992,-0.177438,0.149125,-0.029949,0.410460,-0.524786,0.027294,0.978908,0.209756,0.046923,0.508194,-0.303159,-0.078660
0.000000,0.000000,0.000000,-0.067931,-0.057971,0.070977,-0.072065,-0.005363,-0.997386,-0.050430,0.173292,0.056988,-0.013979,0.076786,-0.007047,0.004266,0.285464,0.059864,0.221247,0.067198,-0.049806,-0.106449,0.122999,0.003466,0.072893,-0.054224,0.066095,0.015505,0.061213,-0.032262,0.039577,-0.242884,0.241240,-0.417003,-0.032920,-0.006829,0.497688,0.072241,-0.050955,0.737954,0.111027,-0.096963,0.375153,-0.501346,0.263788
0.000000,0.000000,0.000000,0.018762,-0.069559,0.055857,-0.078581,-0.002300,-0.996905,-0.096641,0.210491,0.056844,0.027102,0.146822,0.008772,0.003931,0.299941,0.044428,0.245839,-0.032079,0.042376,-0.094584,0.049842,-0.003533,0.111691,0.268377,0.035526,-0.007768,0.024697,-0.041068,0.063154,-0.208887,0.192860,-0.057451,-0.234754,-0.020909,0.583330,0.723486,-0.038997,0.371782,0.058106,-0.141116,0.359863,-0.219083,0.150338
0.000000,0.000000,0.000000,0.242535,-0.064858,0.127333,-0.084544,-0.017324,-0.996269,-0.107139,0.206992,0.056125,0.080648,0.291064,0.026413,-0.001582,0.301427,0.025925,0.271677,-0.111654,0.066872,0.024915,-0.039349,-0.000925,0.141385,0.326414,0.074254,-0.028930,-0.004266,-0.051257,0.052925,-0.115722,-0.034699,0.491469,-0.315687,-0.001205,0.508291,0.729257,-0.025532,-0.041823,0.152912,-0.192459,0.399700,0.274144,-0.250008
0.000000,0.000000,0.000000,0.381074,-0.137602,0.240588,-0.091451,-0.044874,-0.994798,-0.080486,0.164999,0.051283,0.136399,0.373036,0.145441,-0.020421,0.296346,0.004257,0.266835,-0.102882,0.042951,0.090433,-0.107120,-0.001630,0.130360,0.097415,0.339619,-0.061997,-0.014180,-0.049847,-0.043594,0.003722,-0.062706,0.662838,-0.326504,0.076147,0.756910,0.351076,0.068370,-0.113104,0.147963,-0.189078,0.099393,0.620064,-0.524638
0.000000,0.000000,0.000000,-0.098964,-0.157038,0.118032,-0.101938,-0.051665,-0.993448,-0.077370,0.127704,0.052865,0.151882,0.279415,0.169409,-0.036911,0.287717,-0.012808,0.231410,-0.116400,0.031447,-0.030871,-0.125667,0.026936,-0.004961,-0.161152,-0.048095,-0.026533,-0.047911,-0.035238,-0.141306,-0.031010,-0.044629,0.420800,-0.300954,0.609379,1.334406,0.347612,0.201551,-0.119849,-0.096872,-0.538414,-0.509148,0.505359,-0.649656
0.000000,0.000000,0.000000,0.027143,-0.150295,0.190503,-0.120242,-0.047608,-0.991602,-0.103448,0.079575,0.068349,0.152601,0.309232,0.183119,-0.037822,0.258236,-0.021101,0.178008,-0.078769,0.008629,-0.104387,-0.129490,0.043282,0.007090,0.119833,0.092116,-0.002821,-0.088921,-0.008475,-0.076450,0.196685,-0.034505,-0.289872,-0.366968,0.736586,1.245265,0.603885,0.500788,-0.369495,-0.240772,-0.723946,-0.864778,0.571049,-0.704108
0.000000,0.000000,0.000000,0.123806,-0.017507,-0.261886,-0.132798,-0.051426,-0.989808,-0.146735,0.013902,0.083209,0.143014,0.299645,0.227556,-0.038493,0.211066,-0.017266,0.132803,0.072999,-0.044965,-0.115631,-0.170178,0.033606,-0.034972,-0.106746,0.112247,0.011450,-0.127500,0.012195,-0.151368,0.354479,-0.067972,-0.319228,-0.360838,0.779872,1.303585,0.476981,0.632925,-0.087037,-0.349401,-0.701349,-0.926026,0.672991,-0.592593
0.000000,0.000000,0.000000,0.008241,-0.035936,-0.239154,-0.134757,-0.058977,-0.989122,-0.187673,-0.067495,0.106986,0.136830,0.275868,0.300277,-0.030728,0.142948,-0.011178,0.079833,0.121559,-0.034227,-0.090021,-0.213084,0.067536,-0.007442,-0.013132,0.189574,0.042232,-0.193543,0.013914,-0.140108,0.008427,0.012344,-0.382495,-0.501985,0.755902,0.725715,0.423897,0.653695,0.433965,-0.512034,-0.654316,-0.636105,-0.016942,-0.036912
0.000000,0.000000,0.000000,-0.036609,0.025065,-0.328173,-0.135652,-0.065427,-0.988594,-0.184126,-0.162075,0.138145,0.122065,0.254919,0.323910,-0.013518,0.045252,-0.006481,0.043018,0.136228,0.028187,0.078386,-0.181305,0.071563,-0.072502,-0.124042,-0.061903,0.030277,-0.257467,0.009695,-0.015951,0.103072,0.225450,0.411545,-0.024244,0.433708,-0.543820,0.066663,-0.002079,0.594941,-0.475470,-0.356148,0.364747,-0.020505,-0.093010
0.000000,0.000000,0.000000,-0.194234,0.193198,-0.351039,-0.127934,-0.055012,-0.990256,-0.168450,-0.185612,0.148212,0.109602,0.228602,0.300660,-0.010019,0.008820,-0.006241,0.042442,0.145048,0.056182,0.121192,-0.171288,0.078513,-0.086351,-0.167134,-0.145100,0.016766,-0.260655,-0.000046,0.018604,0.060568,0.196563,1.552742,0.589039,-0.209256,-1.355565,0.491832,-0.979862,0.198836,-0.259747,0.445277,2.045920,0.276574,-0.854137
0.000000,0.000000,0.000000,-0.134297,0.283860,-0.357184,-0.105707,-0.046359,-0.993316,-0.168450,-0.185612,0.148212,0.109602,0.228602,0.300660,-0.010019,0.008820,-0.006241,0.042442,0.145048,0.056182,0.121192,-0.171288,0.078513,-0.086351,-0.167134,-0.145100,0.016766,-0.260655,-0.000046,0.018604,0.060568,0.196563,1.440496,0.603386,-0.161351,-1.130984,0.459867,-0.799649,-0.450329,-0.409966,0.714179,2.074266,1.025844,-1.708210
0.000000,0.000000,0.000000,-0.309951,0.227234,0.066237,-0.089174,-0.029893,-0.995567,-0.168450,-0.185612,0.148212,0.109602,0.228602,0.300660,-0.010019,0.008820,-0.006241,0.042442,0.145048,0.056182,0.121192,-0.171288,0.078513,-0.086351,-0.167134,-0.145100,0.016766,-0.260655,-0.000046,0.018604,0.060568,0.196563,1.410129,0.482763,-0.264774,-1.270780,0.391987,-0.670533,-0.369118,-0.283834,0.715172,2.204434,1.414105,-2.161865
0.000000,0.000000,0.000000,-0.067986,0.266715,0.170193,-0.070155,-0.014965,-0.997424,-0.168450,-0.185612,0.148212,0.109602,0.228602,0.300660,-0.010019,0.008820,-0.006241,0.042442,0.145048,0.056182,0.121192,-0.171288,0.078513,-0.086351,-0.167134,-0.145100,0.016766,-0.260655,-0.000046,0.018604,0.060568,0.196563,1.322673,0.437374,-0.077834,-1.120065,0.321756,-0.634846,-0.759793,-0.032060,0.585014,2.302823,1.950588,-2.413115
0.000000,0.000000,0.000000,0.004966,0.277726,0.041909,-0.047831,-0.014559,-0.998749,-0.168450,-0.185612,0.148212,0.109602,0.228602,0.300660,-0.010019,0.008820,-0.006241,0.042442,0.145048,0.056182,0.121192,-0.171288,0.078513,-0.086351,-0.167134,-0.145100,0.016766,-0.260655,-0.000046,0.018604,0.060568,0.196563,1.356912,0.404403,-0.124659,-1.178583,0.299303,-0.683472,-0.291344,0.086227,0.574196,2.226914,2.133175,-2.456564
0.000000,0.000000,0.000000,0.080613,0.242585,-0.141757,-0.029475,-0.017033,-0.999420,-0.168450,-0.185612,0.148212,0.109602,0.228602,0.300660,-0.010019,0.008820,-0.006241,0.042442,0.145048,0.056182,0.121192,-0.171288,0.078513,-0.086351,-0.167134,-0.145100,0.016766,-0.260655,-0.000046,0.018604,0.060568,0.196563,1.271821,0.365552,-0.140524,-1.123318,0.273204,-0.720212,-0.078373,0.013291,0.568020,2.136887,2.175860,-2.379047
0.000000,0.000000,0.000000,0.178808,0.230757,-0.271960,-0.009323,-0.028607,-0.999547,-0.168450,-0.185612,0.148212,0.109602,0.228602,0.300660,-0.010019,0.008820,-0.006241,0.042442,0.145048,0.056182,0.121192,-0.171288,0.078513,-0.086351,-0.167134,-0.145100,0.016766,-0.260655,-0.000046,0.018604,0.060568,0.196563,1.247066,0.358343,-0.201396,-1.158672,0.276139,-0.719681,0.127149,-0.075786,0.613147,2.098793,2.123628,-2.317868
0.000000,0.000000,0.000000,0.114345,0.245160,-0.285013,0.010810,-0.040807,-0.999109,-0.168450,-0.185612,0.148212,0.109602,0.228602,0.300660,-0.010019,0.008820,-0.006241,0.042442,0.145048,0.056182,0.121192,-0.171288,0.078513,-0.086351,-0.167134,-0.145100,0.016766,-0.260655,-0.000046,0.018604,0.060568,0.196563,1.251125,0.351408,-0.258115,-1.166592,0.265776,-0.740968,0.318913,-0.114222,0.636179,2.032430,2.016055,-2.263983
0.000000,0.000000,0.000000,0.095526,0.236136,-0.367418,0.029925,-0.048051,-0.998397,-0.168450,-0.185612,0.148212,0.109602,0.228602,0.300660,-0.010019,0.008820,-0.006241,0.042442,0.145048,0.056182,0.121192,-0.171288,0.078513,-0.086351,-0.167134,-0.145100,0.016766,-0.260655,-0.000046,0.018604,0.060568,0.196563,1.204574,0.330982,-0.234453,-1.121724,0.269347,-0.727798,0.233960,-0.140160,0.542094,1.957055,1.850137,-2.262154
0.000000,0.000000,0.000000,0.002834,0.248434,-0.319834,0.049160,-0.052306,-0.997420,-0.168450,-0.185612,0.148212,0.109602,0.228602,0.300660,-0.010019,0.008820,-0.006241,0.042442,0.145048,0.056182,0.121192,-0.171288,0.078513,-0.086351,-0.167134,-0.145100,0.016766,-0.260655,-0.000046,0.018604,0.060568,0.196563,1.216778,0.334806,-0.252506,-1.124087,0.293184,-0.711513,0.201220,-0.187923,0.501469,1.895452,1.586452,-2.300800
0.000000,0.000000,0.000000,-0.057863,0.287203,-0.301775,0.072395,-0.047770,-0.996231,-0.168450,-0.185612,0.148212,0.109602,0.228602,0.300660,-0.010019,0.008820,-0.006241,0.042442,0.145048,0.056182,0.121192,-0.171288,0.078513,-0.086351,-0.167134,-0.145100,0.016766,-0.260655,-0.000046,0.018604,0.060568,0.196563,1.219135,0.337283,-0.198816,-1.117052,0.319336,-0.676831,0.024965,-0.211747,0.380139,1.814813,1.321713,-2.383955
0.000000,0.000000,0.000000,-0.102851,0.237964,-0.235562,0.093187,-0.040258,-0.994834,-0.168450,-0.185612,0.148212,0.109602,0.228602,0.300660,-0.010019,0.008820,-0.006241,0.042442,0.145048,0.056182,0.121192,-0.171288,0.078513,-0.086351,-0.167134,-0.145100,0.016766,-0.260655,-0.000046,0.018604,0.060568,0.196563,1.267908,0.350333,-0.160760,-1.126585,0.370587,-0.652190,-0.124341,-0.243139,0.238877,1.696352,0.982210,-2.495459
0.000000,0.000000,0.000000,-0.126284,0.165985,-0.203599,0.108919,-0.029832,-0.993603,-0.168450,-0.185612,0.148212,0.109602,0.228602,0.300660,-0.010019,0.008820,-0.006241,0.042442,0.145048,0.056182,0.121192,-0.171288,0.078513,-0.086351,-0.167134,-0.145100,0.016766,-0.260655,-0.000046,0.018604,0.060568,0.196563,1.305665,0.359776,-0.096305,-1.125217,0.419101,-0.667324,-0.226945,-0.231808,0.166936,1.636238,0.723628,-2.588866
0.000000,0.000000,0.000000,-0.102626,0.095019,-0.207457,0.119153,-0.018837,-0.992697,-0.168450,-0.185612,0.148212,0.109602,0.228602,0.300660,-0.010019,0.008820,-0.006241,0.042442,0.145048,0.056182,0.121192,-0.171288,0.078513,-0.086351,-0.167134,-0.145100,0.016766,-0.260655,-0.000046,0.018604,0.060568,0.196563,1.323730,0.362096,-0.056398,-1.120951,0.449553,-0.698202,-0.274950,-0.211636,0.156806,1.629598,0.576491,-2.656104
0.000000,0.000000,0.000000,-0.091966,0.042741,-0.203838,0.124099,-0.010040,-0.992219,-0.168450,-0.185612,0.148212,0.109602,0.228602,0.300660,-0.010019,0.008820,-0.006241,0.042442,0.145048,0.056182,0.121192,-0.171288,0.078513,-0.086351,-0.167134,-0.145100,0.016766,-0.260655,-0.000046,0.018604,0.060568,0.196563,1.331237,0.358625,-0.049557,-1.126085,0.451153,-0.727112,-0.241287,-0.201495,0.194975,1.655368,0.533283,-2.690171
0.000000,0.000000,0.000000,-0.069914,-0.007594,-0.247956,0.125803,-0.001652,-0.992054,-0.168450,-0.185612,0.148212,0.109602,0.228602,0.300660,-0.010019,0.008820,-0.006241,0.042442,0.145048,0.056182,0.121192,-0.171288,0.078513,-0.086351,-0.167134,-0.145100,0.016766,-0.260655,-0.000046,0.018604,0.060568,0.196563,1.318713,0.354375,-0.042373,-1.120323,0.445348,-0.742516,-0.221612,-0.187144,0.234173,1.695018,0.577731,-2.704290
0.000000,0.000000,0.000000,-0.070604,-0.051999,-0.218863,0.123088,0.005499,-0.992381,-0.168450,-0.185612,0.148212,0.109602,0.228602,0.300660,-0.010019,0.008820,-0.006241,0.042442,0.145048,0.056182,0.121192,-0.171288,0.078513,-0.086351,-0.167134,-0.145100,0.016766,-0.260655,-0.000046,0.018604,0.060568,0.196563,1.311783,0.350137,-0.057040,-1.129268,0.435998,-0.740061,-0.172085,-0.200445,0.301473,1.758404,0.665369,-2.695997
0.000000,0.000000,0.000000,-0.110781,-0.095439,-0.208184,0.117009,0.014533,-0.993024,-0.168450,-0.185612,0.148212,0.109602,0.228602,0.300660,-0.010019,0.008820,-0.006241,0.042442,0.145048,0.056182,0.121192,-0.171288,0.078513,-0.086351,-0.167134,-0.145100,0.016766,-0.260655,-0.000046,0.018604,0.060568,0.196563,1.289253,0.347761,-0.048328,-1.121566,0.418507,-0.733661,-0.176558,-0.169479,0.354500,1.825932,0.842477,-2.695139
0.000000,0.000000,0.000000,-0.097531,-0.134970,-0.206148,0.107101,0.024940,-0.993935,-0.168450,-0.185612,0.148212,0.109602,0.228602,0.300660,-0.010019,0.008820,-0.006241,0.042442,0.145048,0.056182,0.121192,-0.171288,0.078513,-0.086351,-0.167134,-0.145100,0.016766,-0.260655,-0.000046,0.018604,0.060568,0.196563,1.263767,0.346830,-0.044967,-1.114712,0.404970,-0.705986,-0.239255,-0.146767,0.418959,1.923200,1.069344,-2.696483
0.000000,0.000000,0.000000,-0.087350,-0.161261,-0.189004,0.094573,0.033609,-0.994950,-0.168450,-0.185612,0.148212,0.109602,0.228602,0.300660,-0.010019,0.008820,-0.006241,0.042442,0.145048,0.056182,0.121192,-0.171288,0.078513,-0.086351,-0.167134,-0.145100,0.016766,-0.260655,-0.000046,0.018604,0.060568,0.196563,1.253371,0.348111,-0.063472,-1.124757,0.379170,-0.683590,-0.224169,-0.128105,0.508679,2.025781,1.338062,-2.684438
0.000000,0.000000,0.000000,-0.079017,-0.192537,-0.192884,0.079851,0.041686,-0.995935,-0.168450,-0.185612,0.148212,0.109602,0.228602,0.300660,-0.010019,0.008820,-0.006241,0.042442,0.145048,0.056182,0.121192,-0.171288,0.078513,-0.086351,-0.167134,-0.145100,0.016766,-0.260655,-0.000046,0.018604,0.060568,0.196563,1.230071,0.349459,-0.076281,-1.119348,0.351815,-0.664877,-0.205725,-0.106043,0.583091,2.113636,1.631163,-2.652677
0.000000,0.000000,0.000000,-0.067627,-0.222599,-0.199609,0.062372,0.048586,-0.996870,-0.168450,-0.185612,0.148212,0.109602,0.228602,0.300660,-0.010019,0.008820,-0.006241,0.042442,0.145048,0.056182,0.121192,-0.171288,0.078513,-0.086351,-0.167134,-0.145100,0.016766,-0.260655,-0.000046,0.018604,0.060568,0.196563,1.208733,0.353674,-0.091730,-1.119436,0.333574,-0.641144,-0.171715,-0.101272,0.664939,2.206421,1.921805,-2.597804
0.000000,0.000000,0.000000,-0.053042,-0.226486,-0.198221,0.043874,0.054306,-0.997560,-0.168450,-0.185612,0.148212,0.109602,0.228602,0.300660,-0.010019,0.008820,-0.006241,0.042442,0.145048,0.056182,0.121192,-0.171288,0.078513,-0.086351,-0.167134,-0.145100,0.016766,-0.260655,-0.000046,0.018604,0.060568,0.196563,1.192748,0.366634,-0.107100,-1.126351,0.316152,-0.615638,-0.131646,-0.101067,0.750832,2.296922,2.206897,-2.523645
0.000000,0.000000,0.000000,-0.055367,-0.223460,-0.198413,0.024943,0.059423,-0.997921,-0.168450,-0.185612,0.148212,0.109602,0.228602,0.300660,-0.010019,0.008820,-0.006241,0.042442,0.145048,0.056182,0.121192,-0.171288,0.078513,-0.086351,-0.167134,-0.145100,0.016766,-0.260655,-0.000046,0.018604,0.060568,0.196563,1.184445,0.383100,-0.119578,-1.139050,0.297283,-0.591560,-0.096124,-0.098088,0.816205,2.367109,2.454064,-2.444048
0.000000,0.000000,0.000000,-0.001915,-0.237052,-0.204579,0.004987,0.062135,-0.998055,-0.168450,-0.185612,0.148212,0.109602,0.228602,0.300660,-0.010019,0.008820,-0.006241,0.042442,0.145048,0.056182,0.121192,-0.171288,0.078513,-0.086351,-0.167134,-0.145100,0.016766,-0.260655,-0.000046,0.018604,0.060568,0.196563,1.181195,0.399631,-0.125494,-1.151432,0.282211,-0.565490,-0.097574,-0.100250,0.867965,2.429987,2.655561,-2.371114
0.000000,0.000000,0.000000,0.025795,-0.209349,-0.196695,-0.015879,0.060757,-0.998026,-0.168450,-0.185612,0.148212,0.109602,0.228602,0.300660,-0.010019,0.008820,-0.006241,0.042442,0.145048,0.056182,0.121192,-0.171288,0.078513,-0.086351,-0.167134,-0.145100,0.016766,-0.260655,-0.000046,0.018604,0.060568,0.196563,1.197204,0.429375,-0.152449,-1.192088,0.256355,-0.560030,0.006622,-0.096447,0.959946,2.493198,2.830205,-2.285337
0.000000,0.000000,0.000000,0.047885,-0.190331,-0.143264,-0.032622,0.057882,-0.997790,-0.168450,-0.185612,0.148212,0.109602,0.228602,0.300660,-0.010019,0.008820,-0.006241,0.042442,0.145048,0.056182,0.121192,-0.171288,0.078513,-0.086351,-0.167134,-0.145100,0.016766,-0.260655,-0.000046,0.018604,0.060568,0.196563,1.197376,0.446089,-0.172646,-1.217031,0.230697,-0.560378,0.067293,-0.083666,1.007445,2.530712,2.975904,-2.196607
0.000000,0.000000,0.000000,0.068497,-0.165902,-0.158617,-0.047760,0.052882,-0.997458,-0.168450,-0.185612,0.148212,0.109602,0.228602,0.300660,-0.010019,0.008820,-0.006241,0.042442,0.145048,0.056182,0.121192,-0.171288,0.078513,-0.086351,-0.167134,-0.145100,0.016766,-0.260655,-0.000046,0.018604,0.060568,0.196563,1.200983,0.463079,-0.178412,-1.241220,0.203340,-0.568602,0.116848,-0.049497,1.038294,2.558074,3.090301,-2.118599
0.000000,0.000000,0.000000,0.076962,-0.140233,-0.135699,-0.060183,0.046808,-0.997089,-0.168450,-0.185612,0.148212,0.109602,0.228602,0.300660,-0.010019,0.008820,-0.006241,0.042442,0.145048,0.056182,0.121192,-0.171288,0.078513,-0.086351,-0.167134,-0.145100,0.016766,-0.260655,-0.000046,0.018604,0.060568,0.196563,1.208834,0.479516,-0.201910,-1.276492,0.187600,-0.575606,0.180688,-0.048344,1.079182,2.579575,3.158544,-2.042353
0.000000,0.000000,0.000000,0.092153,-0.142580,-0.118930,-0.071096,0.039751,-0.996677,-0.168450,-0.185612,0.148212,0.109602,0.228602,0.300660,-0.010019,0.008820,-0.006241,0.042442,0.145048,0.056182,0.121192,-0.171288,0.078513,-0.086351,-0.167134,-0.145100,0.016766,-0.260655,-0.000046,0.018604,0.060568,0.196563,1.209667,0.489753,-0.210034,-1.292955,0.169825,-0.585527,0.207689,-0.032588,1.092622,2.588523,3.207474,-1.983264
0.000000,0.000000,0.000000,0.104354,-0.132980,-0.146291,-0.083418,0.031454,-0.996018,-0.168450,-0.185612,0.148212,0.109602,0.228602,0.300660,-0.010019,0.008820,-0.006241,0.042442,0.145048,0.056182,0.121192,-0.171288,0.078513,-0.086351,-0.167134,-0.145100,0.016766,-0.260655,-0.000046,0.018604,0.060568,0.196563,1.215845,0.508236,-0.224828,-1.328531,0.151501,-0.602522,0.264206,-0.015778,1.132536,2.611483,3.235461,-1.927971
0.000000,0.000000,0.000000,0.107869,-0.073473,-0.119199,-0.091331,0.022398,-0.995569,-0.168450,-0.185612,0.148212,0.109602,0.228602,0.300660,-0.010019,0.008820,-0.006241,0.042442,0.145048,0.056182,0.121192,-0.171288,0.078513,-0.086351,-0.167134,-0.145100,0.016766,-0.260655,-0.000046,0.018604,0.060568,0.196563,1.221081,0.525395,-0.252099,-1.367721,0.139324,-0.618555,0.317817,-0.019031,1.177943,2.631406,3.243405,-1.873402
0.000000,0.000000,0.000000,0.129282,-0.060350,-0.102084,-0.096738,0.012640,-0.995230,-0.168450,-0.185612,0.148212,0.109602,0.228602,0.300660,-0.010019,0.008820,-0.006241,0.042442,0.145048,0.056182,0.121192,-0.171288,0.078513,-0.086351,-0.167134,-0.145100,0.016766,-0.260655,-0.000046,0.018604,0.060568,0.196563,1.219192,0.519171,-0.256524,-1.362250,0.131502,-0.630365,0.323482,-0.002776,1.144071,2.602935,3.235864,-1.841375
0.000000,0.000000,0.000000,0.133216,-0.035794,-0.079107,-0.100371,0.001599,-0.994949,-0.168450,-0.185612,0.148212,0.109602,0.228602,0.300660,-0.010019,0.008820,-0.006241,0.042442,0.145048,0.056182,0.121192,-0.171288,0.078513,-0.086351,-0.167134,-0.145100,0.016766,-0.260655,-0.000046,0.018604,0.060568,0.196563,1.229888,0.526086,-0.268380,-1.383603,0.123693,-0.656698,0.386209,0.013529,1.149514,2.595164,3.200720,-1.812595
0.000000,0.000000,0.000000,0.101616,-0.021521,-0.063571,-0.102578,-0.007735,-0.994695,-0.168450,-0.185612,0.148212,0.109602,0.228602,0.300660,-0.010019,0.008820,-0.006241,0.042442,0.145048,0.056182,0.121192,-0.171288,0.078513,-0.086351,-0.167134,-0.145100,0.016766,-0.260655,-0.000046,0.018604,0.060568,0.196563,1.224237,0.522827,-0.272658,-1.385269,0.115051,-0.678514,0.422231,0.030516,1.135774,2.577417,3.169289,-1.784489
0.000000,0.000000,0.000000,0.101486,-0.012643,-0.054597,-0.103815,-0.015459,-0.994476,-0.168450,-0.185612,0.148212,0.109602,0.228602,0.300660,-0.010019,0.008820,-0.006241,0.042442,0.145048,0.056182,0.121192,-0.171288,0.078513,-0.086351,-0.167134,-0.145100,0.016766,-0.260655,-0.000046,0.018604,0.060568,0.196563,1.208643,0.516922,-0.266681,-1.380295,0.111224,-0.682529,0.395987,0.033916,1.113026,2.567726,3.143626,-1.768996
0.000000,0.000000,0.000000,0.100798,0.002976,-0.022716,-0.103632,-0.023713,-0.994333,-0.168450,-0.185612,0.148212,0.109602,0.228602,0.300660,-0.010019,0.008820,-0.006241,0.042442,0.145048,0.056182,0.121192,-0.171288,0.078513,-0.086351,-0.167134,-0.145100,0.016766,-0.260655,-0.000046,0.018604,0.060568,0.196563,1.213501,0.518745,-0.272333,-1.390437,0.109297,-0.691914,0.413660,0.040446,1.107127,2.559040,3.114056,-1.761502
0.000000,0.000000,0.000000,0.091012,0.008200,-0.049210,-0.102960,-0.030900,-0.994205,-0.168450,-0.185612,0.148212,0.109602,0.228602,0.300660,-0.010019,0.008820,-0.006241,0.042442,0.145048,0.056182,0.121192,-0.171288,0.078513,-0.086351,-0.167134,-0.145100,0.016766,-0.260655,-0.000046,0.018604,0.060568,0.196563,1.209179,0.512109,-0.268166,-1.384338,0.102816,-0.704165,0.430311,0.057923,1.085063,2.541145,3.089703,-1.751262
0.000000,0.000000,0.000000,0.062389,0.010190,-0.053560,-0.102038,-0.037402,-0.994077,-0.168450,-0.185612,0.148212,0.109602,0.228602,0.300660,-0.010019,0.008820,-0.006241,0.042442,0.145048,0.056182,0.121192,-0.171288,0.078513,-0.086351,-0.167134,-0.145100,0.016766,-0.260655,-0.000046,0.018604,0.060568,0.196563,1.203331,0.509145,-0.277182,-1.391786,0.105678,-0.708580,0.440628,0.045797,1.085144,2.532405,3.053903,-1.742921
0.000000,0.000000,0.000000,0.041382,0.008795,-0.043313,-0.100658,-0.041307,-0.994063,-0.168450,-0.185612,0.148212,0.109602,0.228602,0.300660,-0.010019,0.008820,-0.006241,0.042442,0.145048,0.056182,0.121192,-0.171288,0.078513,-0.086351,-0.167134,-0.145100,0.016766,-0.260655,-0.000046,0.018604,0.060568,0.196563,1.191665,0.504327,-0.273667,-1.388436,0.103771,-0.702593,0.406205,0.037849,1.073925,2.529411,3.037667,-1.743782
0.000000,0.000000,0.000000,0.038439,-0.006939,-0.027354,-0.100232,-0.044712,-0.993959,-0.168450,-0.185612,0.148212,0.109602,0.228602,0.300660,-0.010019,0.008820,-0.006241,0.042442,0.145048,0.056182,0.121192,-0.171288,0.078513,-0.086351,-0.167134,-0.145100,0.016766,-0.260655,-0.000046,0.018604,0.060568,0.196563,1.188040,0.501881,-0.267913,-1.386618,0.102326,-0.695661,0.375336,0.037763,1.062207,2.527949,3.030504,-1.752247
0.000000,0.000000,0.000000,0.015866,-0.019728,0.018317,-0.100844,-0.047295,-0.993778,-0.168450,-0.185612,0.148212,0.109602,0.228602,0.300660,-0.010019,0.008820,-0.006241,0.042442,0.145048,0.056182,0.121192,-0.171288,0.078513,-0.086351,-0.167134,-0.145100,0.016766,-0.260655,-0.000046,0.018604,0.060568,0.196563,1.189987,0.507148,-0.268091,-1.397943,0.095581,-0.698021,0.382801,0.046698,1.072125,2.537078,3.030988,-1.754205
0.000000,0.000000,0.000000,0.018265,-0.009109,-0.032327,-0.101681,-0.047684,-0.993674,-0.168450,-0.185612,0.148212,0.109602,0.228602,0.300660,-0.010019,0.008820,-0.006241,0.042442,0.145048,0.056182,0.121192,-0.171288,0.078513,-0.086351,-0.167134,-0.145100,0.016766,-0.260655,-0.000046,0.018604,0.060568,0.196563,1.179580,0.507224,-0.254002,-1.393778,0.084203,-0.696933,0.355298,0.067057,1.066247,2.549565,3.052327,-1.751321
0.000000,0.000000,0.000000,-0.000680,-0.026267,-0.012257,-0.102746,-0.048728,-0.993513,-0.168450,-0.185612,0.148212,0.109602,0.228602,0.300660,-0.010019,0.008820,-0.006241,0.042442,0.145048,0.056182,0.121192,-0.171288,0.078513,-0.086351,-0.167134,-0.145100,0.016766,-0.260655,-0.000046,0.018604,0.060568,0.196563,1.184511,0.509785,-0.272129,-1.406836,0.092742,-0.691752,0.362506,0.043615,1.079105,2.544779,3.038960,-1.750353
0.000000,0.000000,0.000000,-0.006094,-0.027359,-0.022386,-0.104584,-0.048044,-0.993355,-0.168450,-0.185612,0.148212,0.109602,0.228602,0.300660,-0.010019,0.008820,-0.006241,0.042442,0.145048,0.056182,0.121192,-0.171288,0.078513,-0.086351,-0.167134,-0.145100,0.016766,-0.260655,-0.000046,0.018604,0.060568,0.196563,1.179399,0.513162,-0.262861,-1.406981,0.083138,-0.687286,0.328027,0.048106,1.083595,2.561872,3.056398,-1.751635
0.000000,0.000000,0.000000,-0.004535,-0.036428,-0.027321,-0.106920,-0.047472,-0.993134,-0.168450,-0.185612,0.148212,0.109602,0.228602,0.300660,-0.010019,0.008820,-0.006241,0.042442,0.145048,0.056182,0.121192,-0.171288,0.078513,-0.086351,-0.167134,-0.145100,0.016766,-0.260655,-0.000046,0.018604,0.060568,0.196563,1.182996,0.518477,-0.269133,-1.416941,0.083540,-0.681496,0.315005,0.042491,1.092215,2.568690,3.064404,-1.755466
0.000000,0.000000,0.000000,-0.003529,-0.042328,-0.034075,-0.109646,-0.047220,-0.992848,-0.168450,-0.185612,0.148212,0.109602,0.228602,0.300660,-0.010019,0.008820,-0.006241,0.042442,0.145048,0.056182,0.121192,-0.171288,0.078513,-0.086351,-0.167134,-0.145100,0.016766,-0.260655,-0.000046,0.018604,0.060568,0.196563,1.187874,0.526259,-0.274998,-1.428429,0.078957,-0.681043,0.312816,0.040131,1.109008,2.580796,3.074839,-1.755074
0.000000,0.000000,0.000000,-0.010452,-0.036720,-0.023378,-0.112603,-0.046638,-0.992545,-0.168450,-0.185612,0.148212,0.109602,0.228602,0.300660,-0.010019,0.008820,-0.006241,0.042442,0.145048,0.056182,0.121192,-0.171288,0.078513,-0.086351,-0.167134,-0.145100,0.016766,-0.260655,-0.000046,0.018604,0.060568,0.196563,1.190258,0.533435,-0.282584,-1.440292,0.074478,-0.681051,0.312726,0.037907,1.124780,2.591448,3.084468,-1.751431
0.000000,0.000000,0.000000,-0.004632,-0.040549,-0.015678,-0.115324,-0.045872,-0.992268,-0.168450,-0.185612,0.148212,0.109602,0.228602,0.300660,-0.010019,0.008820,-0.006241,0.042442,0.145048,0.056182,0.121192,-0.171288,0.078513,-0.086351,-0.167134,-0.145100,0.016766,-0.260655,-0.000046,0.018604,0.060568,0.196563,1.190735,0.535067,-0.281366,-1.439279,0.071150,-0.679061,0.291272,0.041570,1.120510,2.595423,3.096068,-1.750040
0.000000,0.000000,0.000000,-0.010831,-0.041185,-0.004313,-0.118222,-0.045341,-0.991951,-0.168450,-0.185612,0.148212,0.109602,0.228602,0.300660,-0.010019,0.008820,-0.006241,0.042442,0.145048,0.056182,0.121192,-0.171288,0.078513,-0.086351,-0.167134,-0.145100,0.016766,-0.260655,-0.000046,0.018604,0.060568,0.196563,1.197935,0.542493,-0.285974,-1.448971,0.068218,-0.682653,0.296273,0.046803,1.128264,2.602259,3.101558,-1.748485
0.000000,0.000000,0.000000,-0.013393,-0.040879,0.003838,-0.121353,-0.044194,-0.991625,-0.168450,-0.185612,0.148212,0.109602,0.228602,0.300660,-0.010019,0.008820,-0.006241,0.042442,0.145048,0.056182,0.121192,-0.171288,0.078513,-0.086351,-0.167134,-0.145100,0.016766,-0.260655,-0.000046,0.018604,0.060568,0.196563,1.197548,0.545771,-0.285586,-1.450237,0.064301,-0.683167,0.280496,0.051162,1.128513,2.608696,3.111837,-1.746566
0.000000,0.000000,0.000000,-0.017375,-0.038401,0.011598,-0.124781,-0.042362,-0.991280,-0.168450,-0.185612,0.148212,0.109602,0.228602,0.300660,-0.010019,0.008820,-0.006241,0.042442,0.145048,0.056182,0.121192,-0.171288,0.078513,-0.086351,-0.167134,-0.145100,0.016766,-0.260655,-0.000046,0.018604,0.060568,0.196563,1.201671,0.551283,-0.288176,-1.455411,0.062128,-0.683757,0.267848,0.054569,1.129525,2.614926,3.119400,-1.747327
0.000000,0.000000,0.000000,-0.016297,-0.043296,0.015045,-0.127906,-0.040755,-0.990949,-0.168450,-0.185612,0.148212,0.109602,0.228602,0.300660,-0.010019,0.008820,-0.006241,0.042442,0.145048,0.056182,0.121192,-0.171288,0.078513,-0.086351,-0.167134,-0.145100,0.016766,-0.260655,-0.000046,0.018604,0.060568,0.196563,1.205782,0.555927,-0.289599,-1.457007,0.060520,-0.683337,0.247476,0.056490,1.127894,2.620000,3.127948,-1.750416
0.000000,0.000000,0.000000,-0.016365,-0.036142,0.021717,-0.131018,-0.039030,-0.990611,-0.168450,-0.185612,0.148212,0.109602,0.228602,0.300660,-0.010019,0.008820,-0.006241,0.042442,0.145048,0.056182,0.121192,-0.171288,0.078513,-0.086351,-0.167134,-0.145100,0.016766,-0.260655,-0.000046,0.018604,0.060568,0.196563,1.211647,0.564112,-0.295710,-1.466076,0.057602,-0.684764,0.239362,0.057894,1.134926,2.628586,3.134948,-1.753563
0.000000,0.000000,0.000000,-0.014102,-0.031892,0.024912,-0.133435,-0.037462,-0.990349,-0.168450,-0.185612,0.148212,0.109602,0.228602,0.300660,-0.010019,0.008820,-0.006241,0.042442,0.145048,0.056182,0.121192,-0.171288,0.078513,-0.086351,-0.167134,-0.145100,0.016766,-0.260655,-0.000046,0.018604,0.060568,0.196563,1.215875,0.566746,-0.297702,-1.464968,0.056634,-0.684847,0.224188,0.060370,1.130810,2.629441,3.141184,-1.756614
0.000000,0.000000,0.000000,-0.014537,-0.028405,0.033156,-0.135430,-0.036105,-0.990129,-0.168450,-0.185612,0.148212,0.109602,0.228602,0.300660,-0.010019,0.008820,-0.006241,0.042442,0.145048,0.056182,0.121192,-0.171288,0.078513,-0.086351,-0.167134,-0.145100,0.016766,-0.260655,-0.000046,0.018604,0.060568,0.196563,1.221260,0.570010,-0.300387,-1.466525,0.056950,-0.685910,0.216458,0.061546,1.128793,2.630210,3.141999,-1.759996
0.000000,0.000000,0.000000,-0.013786,-0.024015,0.037074,-0.137672,-0.034123,-0.989890,-0.168450,-0.185612,0.148212,0.109602,0.228602,0.300660,-0.010019,0.008820,-0.006241,0.042442,0.145048,0.056182,0.121192,-0.171288,0.078513,-0.086351,-0.167134,-0.145100,0.016766,-0.260655,-0.000046,0.018604,0.060568,0.196563,1.224546,0.571768,-0.300128,-1.464987,0.056727,-0.686764,0.205285,0.064714,1.124324,2.631108,3.144568,-1.763647
0.000000,0.000000,0.000000,-0.005366,-0.013947,0.035956,-0.139104,-0.032790,-0.989735,-0.168450,-0.185612,0.148212,0.109602,0.228602,0.300660,-0.010019,0.008820,-0.006241,0.042442,0.145048,0.056182,0.121192,-0.171288,0.078513,-0.086351,-0.167134,-0.145100,0.016766,-0.260655,-0.000046,0.018604,0.060568,0.196563,1.228942,0.574388,-0.301283,-1.464508,0.057771,-0.687419,0.194905,0.065935,1.121045,2.631976,3.146072,-1.768038
0.000000,0.000000,0.000000,0.003906,-0.014100,0.036101,-0.140048,-0.032297,-0.989618,-0.168450,-0.185612,0.148212,0.109602,0.228602,0.300660,-0.010019,0.008820,-0.006241,0.042442,0.145048,0.056182,0.121192,-0.171288,0.078513,-0.086351,-0.167134,-0.145100,0.016766,-0.260655,-0.000046,0.018604,0.060568,0.196563,1.234702,0.574281,-0.302859,-1.461804,0.060818,-0.689200,0.198798,0.066252,1.117390,2.626218,3.140937,-1.770636
0.000000,0.000000,0.000000,0.007362,-0.015265,0.034122,-0.141239,-0.032402,-0.989445,-0.168450,-0.185612,0.148212,0.109602,0.228602,0.300660,-0.010019,0.008820,-0.006241,0.042442,0.145048,0.056182,0.121192,-0.171288,0.078513,-0.086351,-0.167134,-0.145100,0.016766,-0.260655,-0.000046,0.018604,0.060568,0.196563,1.238195,0.576542,-0.305706,-1.464886,0.061010,-0.694117,0.213963,0.068614,1.121513,2.626434,3.135277,-1.769085
0.000000,0.000000,0.000000,0.011046,-0.016900,0.025432,-0.142486,-0.032763,-0.989254,-0.168450,-0.185612,0.148212,0.109602,0.228602,0.300660,-0.010019,0.008820,-0.006241,0.042442,0.145048,0.056182,0.121192,-0.171288,0.078513,-0.086351,-0.167134,-0.145100,0.016766,-0.260655,-0.000046,0.018604,0.060568,0.196563,1.238087,0.579045,-0.309195,-1.468550,0.059873,-0.697607,0.222525,0.069230,1.126791,2.628468,3.133059,-1.765321
0.000000,0.000000,0.000000,0.001941,-0.037912,0.032306,-0.144683,-0.032947,-0.988929,-0.168450,-0.185612,0.148212,0.109602,0.228602,0.300660,-0.010019,0.008820,-0.006241,0.042442,0.145048,0.056182,0.121192,-0.171288,0.078513,-0.086351,-0.167134,-0.145100,0.016766,-0.260655,-0.000046,0.018604,0.060568,0.196563,1.239037,0.582832,-0.315550,-1.475332,0.058632,-0.700080,0.231063,0.066411,1.135164,2.630928,3.130097,-1.761181
0.000000,0.000000,0.000000,-0.002447,-0.028604,0.029032,-0.147593,-0.032580,-0.988512,-0.168450,-0.185612,0.148212,0.109602,0.228602,0.300660,-0.010019,0.008820,-0.006241,0.042442,0.145048,0.056182,0.121192,-0.171288,0.078513,-0.086351,-0.167134,-0.145100,0.016766,-0.260655,-0.000046,0.018604,0.060568,0.196563,1.236738,0.593506,-0.321918,-1.490368,0.049721,-0.701766,0.219822,0.069033,1.149705,2.650064,3.142949,-1.758919
0.000000,0.000000,0.000000,-0.007881,-0.026761,0.022448,-0.149865,-0.031643,-0.988200,-0.168450,-0.185612,0.148212,0.109602,0.228602,0.300660,-0.010019,0.008820,-0.006241,0.042442,0.145048,0.056182,0.121192,-0.171288,0.078513,-0.086351,-0.167134,-0.145100,0.016766,-0.260655,-0.000046,0.018604,0.060568,0.196563,1.239110,0.596169,-0.327629,-1.491752,0.048383,-0.698445,0.200189,0.065995,1.147331,2.649189,3.149823,-1.760312
0.000000,0.000000,0.000000,-0.016321,-0.023754,0.021001,-0.151853,-0.030496,-0.987933,-0.168450,-0.185612,0.148212,0.109602,0.228602,0.300660,-0.010019,0.008820,-0.006241,0.042442,0.145048,0.056182,0.121192,-0.171288,0.078513,-0.086351,-0.167134,-0.145100,0.016766,-0.260655,-0.000046,0.018604,0.060568,0.196563,1.243076,0.600131,-0.332287,-1.495810,0.047714,-0.695444,0.178166,0.059766,1.146892,2.652112,3.150892,-1.765380
0.000000,0.000000,0.000000,-0.015585,-0.037459,0.011018,-0.154433,-0.029101,-0.987575,-0.168450,-0.185612,0.148212,0.109602,0.228602,0.300660,-0.010019,0.008820,-0.006241,0.042442,0.145048,0.056182,0.121192,-0.171288,0.078513,-0.086351,-0.167134,-0.145100,0.016766,-0.260655,-0.000046,0.018604,0.060568,0.196563,1.246195,0.602675,-0.334123,-1.495989,0.047279,-0.690863,0.148317,0.055051,1.142248,2.654210,3.154684,-1.774645
0.000000,0.000000,0.000000,-0.019904,-0.039856,0.012931,-0.157558,-0.027517,-0.987126,-0.168450,-0.185612,0.148212,0.109602,0.228602,0.300660,-0.010019,0.008820,-0.006241,0.042442,0.145048,0.056182,0.121192,-0.171288,0.078513,-0.086351,-0.167134,-0.145100,0.016766,-0.260655,-0.000046,0.018604,0.060568,0.196563,1.253084,0.614821,-0.346449,-1.513150,0.043390,-0.690750,0.140965,0.049321,1.158475,2.667434,3.158610,-1.782183
0.000000,0.000000,0.000000,-0.026244,-0.041238,0.013006,-0.160809,-0.025655,-0.986652,-0.168450,-0.185612,0.148212,0.109602,0.228602,0.300660,-0.010019,0.008820,-0.006241,0.042442,0.145048,0.056182,0.121192,-0.171288,0.078513,-0.086351,-0.167134,-0.145100,0.016766,-0.260655,-0.000046,0.018604,0.060568,0.196563,1.255921,0.620896,-0.352447,-1.517704,0.039057,-0.688235,0.118477,0.048202,1.162280,2.675119,3.170439,-1.787951
0.000000,0.000000,0.000000,-0.030154,-0.038927,0.010742,-0.164094,-0.023309,-0.986169,-0.168450,-0.185612,0.148212,0.109602,0.228602,0.300660,-0.010019,0.008820,-0.006241,0.042442,0.145048,0.056182,0.121192,-0.171288,0.078513,-0.086351,-0.167134,-0.145100,0.016766,-0.260655,-0.000046,0.018604,0.060568,0.196563,1.260319,0.627621,-0.359043,-1.524378,0.036493,-0.684867,0.092348,0.045612,1.163377,2.682749,3.179579,-1.795214
0.000000,0.000000,0.000000,-0.030729,-0.034106,0.006322,-0.167020,-0.020861,-0.985733,-0.168450,-0.185612,0.148212,0.109602,0.228602,0.300660,-0.010019,0.008820,-0.006241,0.042442,0.145048,0.056182,0.121192,-0.171288,0.078513,-0.086351,-0.167134,-0.145100,0.016766,-0.260655,-0.000046,0.018604,0.060568,0.196563,1.266625,0.633486,-0.364993,-1.527787,0.035510,-0.681177,0.065454,0.041318,1.162799,2.687047,3.186821,-1.804377
0.000000,0.000000,0.000000,-0.031677,-0.030105,0.004486,-0.169562,-0.018409,-0.985348,-0.168450,-0.185612,0.148212,0.109602,0.228602,0.300660,-0.010019,0.008820,-0.006241,0.042442,0.145048,0.056182,0.121192,-0.171288,0.078513,-0.086351,-0.167134,-0.145100,0.016766,-0.260655,-0.000046,0.018604,0.060568,0.196563,1.273625,0.637978,-0.370480,-1.529801,0.036031,-0.678091,0.044012,0.036698,1.161300,2.688660,3.189603,-1.813984
0.000000,0.000000,0.000000,-0.033592,-0.026849,0.000323,-0.171883,-0.015894,-0.984989,-0.168450,-0.185612,0.148212,0.109602,0.228602,0.300660,-0.010019,0.008820,-0.006241,0.042442,0.145048,0.056182,0.121192,-0.171288,0.078513,-0.086351,-0.167134,-0.145100,0.016766,-0.260655,-0.000046,0.018604,0.060568,0.196563,1.279621,0.641552,-0.374071,-1.530235,0.036688,-0.675567,0.023576,0.033427,1.158764,2.690347,3.191864,-1.823501
0.000000,0.000000,0.000000,-0.031475,-0.014079,-0.008244,-0.173523,-0.013396,-0.984739,-0.168450,-0.185612,0.148212,0.109602,0.228602,0.300660,-0.010019,0.008820,-0.006241,0.042442,0.145048,0.056182,0.121192,-0.171288,0.078513,-0.086351,-0.167134,-0.145100,0.016766,-0.260655,-0.000046,0.018604,0.060568,0.196563,1.284760,0.645037,-0.377685,-1.530763,0.037880,-0.672482,0.002939,0.028837,1.156912,2.692278,3.193821,-1.833197
0.000000,0.000000,0.000000,-0.027049,-0.007311,-0.010782,-0.174364,-0.011494,-0.984614,-0.168450,-0.185612,0.148212,0.109602,0.228602,0.300660,-0.010019,0.008820,-0.006241,0.042442,0.145048,0.056182,0.121192,-0.171288,0.078513,-0.086351,-0.167134,-0.145100,0.016766,-0.260655,-0.000046,0.018604,0.060568,0.196563,1.290543,0.644197,-0.378723,-1.524919,0.042247,-0.668748,-0.013418,0.022550,1.150242,2.686135,3.190290,-1.842981
0.000000,0.000000,0.000000,-0.020088,-0.004400,-0.022023,-0.174927,-0.010130,-0.984529,-0.168450,-0.185612,0.148212,0.109602,0.228602,0.300660,-0.010019,0.008820,-0.006241,0.042442,0.145048,0.056182,0.121192,-0.171288,0.078513,-0.086351,-0.167134,-0.145100,0.016766,-0.260655,-0.000046,0.018604,0.060568,0.196563,1.295856,0.643839,-0.378518,-1.521755,0.045425,-0.668254,-0.018895,0.020789,1.145797,2.682876,3.184600,-1.850887
0.000000,0.000000,0.000000,-0.011377,0.005905,-0.028210,-0.174886,-0.009418,-0.984544,-0.168450,-0.185612,0.148212,0.109602,0.228602,0.300660,-0.010019,0.008820,-0.006241,0.042442,0.145048,0.056182,0.121192,-0.171288,0.078513,-0.086351,-0.167134,-0.145100,0.016766,-0.260655,-0.000046,0.018604,0.060568,0.196563,1.299505,0.644950,-0.381541,-1.522363,0.048409,-0.668847,-0.012919,0.015821,1.149559,2.680714,3.177022,-1.854867
0.000000,0.000000,0.000000,0.000773,0.015284,-0.034299,-0.173922,-0.009793,-0.984711,-0.168450,-0.185612,0.148212,0.109602,0.228602,0.300660,-0.010019,0.008820,-0.006241,0.042442,0.145048,0.056182,0.121192,-0.171288,0.078513,-0.086351,-0.167134,-0.145100,0.016766,-0.260655,-0.000046,0.018604,0.060568,0.196563,1.301723,0.641490,-0.380440,-1.516690,0.052082,-0.670062,-0.003349,0.014248,1.146966,2.672987,3.168236,-1.855682
0.000000,0.000000,0.000000,0.002617,0.014039,-0.037606,-0.172802,-0.010530,-0.984900,-0.168450,-0.185612,0.148212,0.109602,0.228602,0.300660,-0.010019,0.008820,-0.006241,0.042442,0.145048,0.056182,0.121192,-0.171288,0.078513,-0.086351,-0.167134,-0.145100,0.016766,-0.260655,-0.000046,0.018604,0.060568,0.196563,1.303509,0.637094,-0.378852,-1.512640,0.056287,-0.674021,0.020254,0.014430,1.145619,2.663750,3.154128,-1.852627
0.000000,0.000000,0.000000,-0.001459,0.011621,-0.019582,-0.171940,-0.011233,-0.985043,-0.168450,-0.185612,0.148212,0.109602,0.228602,0.300660,-0.010019,0.008820,-0.006241,0.042442,0.145048,0.056182,0.121192,-0.171288,0.078513,-0.086351,-0.167134,-0.145100,0.016766,-0.260655,-0.000046,0.018604,0.060568,0.196563,1.300127,0.634726,-0.376386,-1.511030,0.057534,-0.676879,0.032879,0.013997,1.147311,2.662563,3.146692,-1.848173
0.000000,0.000000,0.000000,-0.005200,0.004099,-0.020102,-0.171473,-0.011248,-0.985125,-0.168450,-0.185612,0.148212,0.109602,0.228602,0.300660,-0.010019,0.008820,-0.006241,0.042442,0.145048,0.056182,0.121192,-0.171288,0.078513,-0.086351,-0.167134,-0.145100,0.016766,-0.260655,-0.000046,0.018604,0.060568,0.196563,1.296418,0.632477,-0.369728,-1.506737,0.055780,-0.678730,0.032182,0.023133,1.140979,2.663852,3.151284,-1.845950
0.000000,0.000000,0.000000,-0.008561,0.009927,-0.015934,-0.171067,-0.011178,-0.985196,-0.168450,-0.185612,0.148212,0.109602,0.228602,0.300660,-0.010019,0.008820,-0.006241,0.042442,0.145048,0.056182,0.121192,-0.171288,0.078513,-0.086351,-0.167134,-0.145100,0.016766,-0.260655,-0.000046,0.018604,0.060568,0.196563,1.294150,0.634339,-0.370227,-1.510051,0.055195,-0.678274,0.032350,0.022471,1.145265,2.668099,3.154989,-1.844670
0.000000,0.000000,0.000000,-0.009951,0.012268,-0.018212,-0.170307,-0.011100,-0.985329,-0.168450,-0.185612,0.148212,0.109602,0.228602,0.300660,-0.010019,0.008820,-0.006241,0.042442,0.145048,0.056182,0.121192,-0.171288,0.078513,-0.086351,-0.167134,-0.145100,0.016766,-0.260655,-0.000046,0.018604,0.060568,0.196563,1.292660,0.630668,-0.366085,-1.503389,0.056158,-0.675822,0.023436,0.023442,1.137821,2.664340,3.158508,-1.845586
0.000000,0.000000,0.000000,-0.009297,0.016633,-0.033400,-0.169098,-0.010761,-0.985541,-0.168450,-0.185612,0.148212,0.109602,0.228602,0.300660,-0.010019,0.008820,-0.006241,0.042442,0.145048,0.056182,0.121192,-0.171288,0.078513,-0.086351,-0.167134,-0.145100,0.016766,-0.260655,-0.000046,0.018604,0.060568,0.196563,1.292736,0.628582,-0.364014,-1.501177,0.058233,-0.674148,0.020667,0.021581,1.134238,2.661799,3.156304,-1.847722
0.000000,0.000000,0.000000,-0.010219,0.009241,-0.037768,-0.167906,-0.010507,-0.985747,-0.168450,-0.185612,0.148212,0.109602,0.228602,0.300660,-0.010019,0.008820,-0.006241,0.042442,0.145048,0.056182,0.121192,-0.171288,0.078513,-0.086351,-0.167134,-0.145100,0.016766,-0.260655,-0.000046,0.018604,0.060568,0.196563,1.292396,0.625321,-0.363152,-1.497337,0.062374,-0.670878,0.020221,0.012932,1.134071,2.656513,3.150225,-1.850367
0.000000,0.000000,0.000000,-0.009442,0.011614,-0.033553,-0.167110,-0.010442,-0.985883,-0.168450,-0.185612,0.148212,0.109602,0.228602,0.300660,-0.010019,0.008820,-0.006241,0.042442,0.145048,0.056182,0.121192,-0.171288,0.078513,-0.086351,-0.167134,-0.145100,0.016766,-0.260655,-0.000046,0.018604,0.060568,0.196563,1.291380,0.625844,-0.362692,-1.499376,0.062193,-0.669614,0.021066,0.010312,1.138604,2.660530,3.150278,-1.852592
0.000000,0.000000,0.000000,-0.011201,0.010943,-0.029844,-0.166305,-0.010153,-0.986022,-0.168450,-0.185612,0.148212,0.109602,0.228602,0.300660,-0.010019,0.008820,-0.006241,0.042442,0.145048,0.056182,0.121192,-0.171288,0.078513,-0.086351,-0.167134,-0.145100,0.016766,-0.260655,-0.000046,0.018604,0.060568,0.196563,1.290644,0.623317,-0.359592,-1.495206,0.062688,-0.668692,0.021839,0.012641,1.135329,2.658109,3.152829,-1.853791
